{
  "format_version": "1.21.40",
	"minecraft:atmosphere_settings": {
		"description": {
			"identifier": "Prizma:end_atmospherics"
		},
  "horizon_blend_stops":{
    "min": { 
      "0.67": 0.21, //NIGHT
      "0.70": 0.21, //NIGHT
      "0.72": 0.21, //NIGHT
      "0.75": 0.25, //late-sunset
      "0.76": 0.3, //sunset
      "0.775": 0.3, //early sunset
      "0.82": 0.3, //day
      "0.00": 0.3, //noon
      "0.17": 0.3, //day
      "0.225": 0.3, //early sunset
      "0.24": 0.3, //sunset
      "0.25": 0.25, //late-sunset
      "0.29": 0.21, //NIGHT
      "0.32": 0.21, //NIGHT
      "0.50": 0.21,  //MIDNIGHT
      "0.60": 0.21  //NIGHT
    }, 
    "start": { 
      "0.0": 0.3, 
      "0.1962499916553497": 0.27, 
      "0.25": 0.27, 
      "0.34": 0.2, 
      "0.6": 0.2, 
      "0.6750000119209290": 0.2, 
      "0.7487499713897705": 0.27, 
      "0.800000":0.27
    }, 
    "mie_start": { 
      "0.0": 0.3, 
      "0.1962499916553497": 0.3, 
      "0.25": 0.3, 
      "0.34": 0.3, 
      "0.6": 0.3, 
      "0.6750000119209290": 0.3, 
      "0.7487499713897705": 0.3, 
      "0.800000":0.3
    }, 
    "max": { 
      "0.67": 0.2, //NIGHT
      "0.70": 0.2, //NIGHT
      "0.72": 0.2, //NIGHT
      "0.75": 0.4, //late-sunset
      "0.76": 0.4, //sunset
      "0.775": 0.4, //early sunset
      "0.82": 0.25, //day
      "0.00": 0.25, //noon
      "0.17": 0.25, //day
      "0.225": 0.4, //early sunset
      "0.24": 0.4, //sunset
      "0.25": 0.4, //late-sunset
      "0.29": 0.2, //NIGHT
      "0.32": 0.2, //NIGHT
      "0.50": 0.2,  //MIDNIGHT
      "0.60": 0.2  //NIGHT
    } 
  }, 
  "rayleigh_strength": { 
    "0.81": 1.0

  }, 
  "sun_mie_strength": { 
    "0.0": 3.0, //noon
    "0.19": 3.5, //day
    "0.25": 3.5, //sunset
    "0.3": 3.0, //night
    "0.3037499785423279": 3.0, //night
    "0.3249999880790710": 3.0, //night
    "0.6": 3.0, //night
    "0.7074999809265137": 3.0, //night
    "0.75": 3.5, //sunrise
    "0.81": 3.0 //day

  }, 
  "moon_mie_strength": { 
    "0.0": 0.0, 
    "0.19": 0.0,
    "0.25": 0.0, 
    "0.3": 0.0, 
    "0.3037499785423279": 0.0, 
    "0.3249999880790710": 0.0, 
    "0.6": 0.0, 
    "0.7074999809265137": 0.0, 
    "0.75": 0.0, 
    "0.81": 0.0
  }, 
  "sun_glare_shape": { 
    "0.0": 5.0,
    "0.19": 5.0, 
    "0.25": 5.0, 
    "0.3": 5.0, 
    "0.3037499785423279": 5.0, 
    "0.3249999880790710": 5.0, 
    "0.6": 5.0, 
    "0.7074999809265137": 5.0, 
    "0.75": 5.0,
    "0.81": 5.0 
  }, 
  "sky_zenith_color": {  // overall sky color
  "0.0": [42, 22, 62] //noon
  },

  "sky_horizon_color": { 
    "0.17": [0, 0, 0] //day
  }
}
}